Type_H,Type_L,Type_M,Air temperature [K],Process temperature [K],Rotational speed [rpm],Torque [Nm],Tool wear [min],Temp_diff,Torque_RPM_ratio,y_true,y_prob,risk_tier
-0.020720412348190675,-0.003235194920378159,0.016411477154329494,0.0004343453131285015,-0.00014981385930201707,0.014767196643326265,0.7937407455229831,-0.024077848351977266,-0.008656447605042163,0.06543279041754572,0,0.9969057037372778,High
0.0014190944222837454,0.05142408434765122,-0.06531363518172148,0.00950812534561901,-0.0025908151029353814,-0.06665800618337082,-0.02681166688361256,0.026563762171329497,0.06605335095323249,-0.03649527410688225,0,0.12005788555244855,Medium
0.0016716630210435873,-0.007462358762438934,0.014120946010371675,-0.003339079334079261,-0.004617252803132902,0.0335406089333331,-0.043945187026500944,-0.01773349563718433,0.002452409515703811,-0.021975831863482762,0,0.11567128782448811,Medium
0.0007270591850141797,0.023325084840374044,-0.018635943669655788,-0.0021552270844028224,0.0016817048919480775,0.039082944227279405,-0.031072813043211644,-0.029346110221054034,-0.004197418105320872,-0.024511059715387983,0,0.11785708707643765,Medium
-0.0031180841795160922,0.02144433031153661,-0.027118166739499495,-0.003491465027420903,0.0010832512272798689,0.06333442557589188,-0.03232352403119497,-0.017587470092694832,-0.004082443070590973,-0.04541904191335503,0,0.11568067783129114,Medium
0.0029678685877358377,-0.029276891671391,0.02646729855444211,-0.01522184549477092,0.003857624071691662,-0.003468055843945884,-0.019112587170945498,-0.026940822335896532,-0.023549741427330628,0.03907668562849243,0,0.11775839866893666,Medium
0.01004214530090618,-0.020083262668718967,0.013808389419939487,0.0008420126378332962,-0.006700319325795478,0.02600676735713515,-0.05129479408347593,-0.005400404470607944,0.005581528438299311,-0.019394655850348563,0,0.11636627252602162,Medium
-0.0012229643967180334,-0.015162633164663089,0.01517899647444845,0.008690851399420803,0.003436414778878948,-0.051808904348893015,-0.03859639701243568,-0.017988321345283862,0.06110049817762851,-0.00822171654420544,0,0.11836468978903267,Medium
-0.0057292181436823615,-0.020894152090149217,0.03457468935170544,0.0030493410320105185,-0.0005080912262239723,0.319017581127811,0.015329385663785751,-0.02459801383345023,0.45997313980916743,0.05682494684142741,1,0.9999984743032567,High
-0.12766713463528143,0.060214952657037586,0.02069615740975591,-0.03383656869785828,0.0016187619118604168,-0.21644742662878905,0.3090081458404589,-0.07142767567948133,-0.03233950516341322,0.09493622056399972,0,0.1677147933491443,Medium
-0.001763976352952017,-0.01914298170640053,0.01766672282623415,0.01131240950601581,0.0012508122877258748,-0.05704890467173515,0.024690661426664012,-0.051248935175805824,-0.016575985625406995,0.045396480168999685,0,0.1174951684541941,Medium
0.006804386957210206,-0.012870409131295796,0.020613962180270694,-0.008720330710600497,0.015748117793552265,-0.025321493584792795,-0.04096607442298531,0.0033318880700403536,0.04667256613888606,-0.050070654319578925,0,0.11818082474156133,Medium
0.0008945775971530359,0.02085702346991472,-0.013138127141524635,0.00750098162991157,-0.0007164023638075507,0.016454573261753883,-0.03851159963242256,-0.02219663010182768,0.0013001359440096315,-0.019573716743569655,0,0.11582968169044584,Medium
0.000708470838615786,-0.005578216921822395,0.011464328456963584,-0.00021956837090197218,0.0022875374218182557,0.01959232067033137,-0.037296002866922695,-0.02254148385996492,-0.0021228339293850977,-0.013498508179013755,0,0.11575490903057324,Medium
0.0040412107753187605,-0.0130331186247587,0.009439295059715367,-0.002267074054806091,0.002519440960437151,0.017962463670163874,-0.0332598321677919,-0.018643234758117806,-0.0026742159737312655,-0.01136298154241241,0,0.11568081911487206,Medium
0.014339172568287775,-0.005329786580477962,0.008182202719950942,-0.00483006705583271,0.012417242472123481,0.06325020423107935,-0.053097648761549245,-0.021660656742461124,-0.006699426059487229,-0.0538286178186962,0,0.11570148474379216,Medium
0.004742752486346331,-0.07242309251167398,0.039965343872372286,0.007950685667347834,0.023033146865793514,-0.02937747722291092,-0.023612701063150287,-0.020558953794600637,-0.0012924915678629856,0.031761903332437814,0,0.12314798183495405,Medium
-0.0021875281387625303,-0.0388421988325681,0.021570753226969056,-0.010514642823647849,-0.014522362340299421,0.12567730233669092,-0.03282910653164224,0.018005663572026938,-0.01592973817986424,-0.09731866299339029,0,0.11606834506636732,Medium
0.0004325493830224583,0.022643542384338633,-0.019123863215631098,0.0013278075273063183,0.003759825611312217,0.03544899590483886,-0.040247885797684145,-0.025463478543946264,-0.0017216109888099872,-0.024202607485660995,0,0.11581214054994107,Medium
-0.009454800216883264,-0.01120732881015488,0.01182895608749664,0.003965431279163947,0.005668434576706806,0.03385503023699439,-0.03953491128746413,-0.019492872321359225,-0.00609211147999591,-0.016706281839047824,0,0.11578841199631164,Medium
0.005780001884634256,-0.0035749539707446987,-0.0119170088039737,0.04154985958046972,0.005703780231049664,0.3252039692716369,0.020251936991612363,-0.025980139989473933,0.44071246585358037,0.03918396230583613,0,0.999872739125482,High
0.0012330635054062604,-0.009543590777092896,0.009481448418633577,-0.0011334283820924537,0.0018257655929997312,0.007023676026772093,-0.02742405573599308,-0.02002440973255316,0.0031211928473100143,-0.01183988466536965,0,0.11567864286887551,Medium
0.00122195743649098,-0.010975253591541017,0.008776260059062981,-4.5884695809170206e-05,0.004093006649980385,0.014175083761806023,-0.03252466728241004,-0.024446011148502568,0.00014341481871110384,-0.007701422502582046,0,0.11567534927606173,Medium
-0.024161777899934865,0.022447337159851224,0.013611095766469213,0.0001953254793760767,-0.0009839222172207038,-0.0025746246151370214,-0.005859010550247778,-0.033253623744733174,-0.034215015154500705,0.019947338888525144,0,0.11811198888330249,Medium
0.0037077406818081136,-0.012333497160271815,0.013478142099683274,0.0019200033130202451,0.0043162654035019616,0.02467502245267639,-0.04090348981606032,-0.023336937624479255,-0.005979496388957181,-0.012680462692718277,0,0.11582215603905822,Medium
-0.011821069392815686,0.020171721725224495,-0.030991008988575985,0.031372855464113995,0.012679885772417628,0.3377993843714118,0.0017631993475608146,-0.015446689295772049,0.4567494989981649,0.034758258999313195,1,0.9999949027718982,High
0.006485791478868361,0.059761152068029254,-0.17626320187751926,0.01999473852974366,-0.03599545861203555,0.0023948957164755475,-0.04828843427152845,0.27554782740480754,-0.0009651188542069422,-0.037959249140617754,0,0.22767180821287153,Medium
0.00025383285080262524,-0.0070157405563747435,0.00787448016815291,-0.001697787668992214,0.006012289733073868,0.01782980501949107,-0.03100234295537413,-0.03774102172200727,0.006069771449505041,-0.005822539001768684,0,0.11771961308736355,Medium
-0.02170502815888687,0.022636806971260394,0.012833756878531947,0.00031334819674938325,0.003871071625471889,0.012727669453964627,-0.03339582918347639,-0.034089980936502354,0.00035176269903303137,-0.0106599625764811,0,0.11584248074051963,Medium
0.004746421348279589,-0.039418961194603704,0.02119389587957528,0.006893296558414429,-0.000993450598867622,0.004274837696024514,-0.04826920256245066,0.009054162809249268,0.009434433143216228,-0.013616752892854182,0,0.11625754595683821,Medium
0.015699002286405684,-0.044880312953400045,0.01769383489591375,0.02451198166656229,-0.011137810824875461,0.014444245865624244,-0.09906886816043368,-0.04309808763500309,0.02352365319086948,0.06252038016165047,0,0.1231668842641687,Medium
0.00018538095801159948,-0.005963205839885186,0.011144948724754486,-0.001132279960519441,0.002618116831929571,0.009416548452172662,-0.034474624778066544,-0.018025248131057204,-0.0055569158371141375,-0.005383168981858314,0,0.11578841720922257,Medium
0.0020461710202551824,-0.00764337507093278,0.008548506941005297,-0.0020990866293156183,-0.0024099089405879366,0.004154318030266187,-0.030105066840850188,-0.023378902556584497,0.00023701741863949022,0.0034863556506699606,0,0.11579489479342017,Medium
0.004202041688130861,-0.006828926762840753,0.004717797103274934,8.610125656290102e-05,-0.009870038051405449,-0.010109757095891379,-0.022355401019213145,-0.03067662306748075,0.0017695850768190337,0.02442632432561135,0,0.11831996922442269,Medium
-0.004155537810195804,0.036246185387814475,-0.034519682273482344,0.0011463934129684952,0.004618325722093063,0.03422649099067562,-0.05153094478771818,0.007777070616146508,-0.013998993683644097,-0.02698682073499402,0,0.1157813526105188,Medium
-0.028245672959039403,0.039507160235804,0.011774744791239616,-0.014549109688223141,-0.008650657818456394,-0.05663292298097565,0.01713920193909905,-0.04984400474779558,-0.006825866077665756,0.05022944981014511,0,0.11686118827498693,Medium
-0.0018851847886325185,-0.06310842541684213,0.057443077942773785,-0.005409058268025803,0.005960589612536045,0.06646635119093548,-0.07909617366111969,0.20186135004589625,-0.004760146344064483,-0.11313286398783944,0,0.2272983820964726,Medium
0.004081553926553497,-0.009187346902543927,0.0019005082527373568,-0.0005241489671693328,0.004851714830203298,-0.056592515825023136,-0.021894031121299052,-0.019019362782010486,0.07651206326813774,-0.024651449376852857,0,0.11843585107358817,Medium
0.002864195880660187,0.015815086660222542,-0.013122313866556828,0.0014852307911719068,0.0023207135576553996,0.007264653831496791,-0.036266531380649364,-0.021893069590987992,-0.0005204978180521624,-0.00509357513122033,0,0.11581275870459523,Medium
0.0038742706947423444,-0.01220047365252027,0.00630282335488469,-0.010734211032564485,0.006527551520065359,-0.011275812066329959,-0.008556056662615186,-0.03678494627580479,-0.02742883736004706,0.04474066997442409,0,0.11742384426508982,Medium
0.002741559704575479,-0.007428462733594806,0.005784586701328028,0.0013564340793654184,0.003869857090445956,0.01174498531779535,-0.03930294682772058,-0.020238617480615458,-0.0025103299105446236,-0.0033037114414141196,0,0.11567222027047573,Medium
-0.0029066097035218364,-0.011119659017419598,0.023573403157445705,-0.0021925747591569245,-0.004452602791781233,0.12238847695301831,-0.04367531312181382,-0.061730345433579456,0.002128293057484694,-0.06910248904852441,0,0.11586944506300652,Medium
-0.03487025148014368,0.022212249574188714,0.017250447885249945,-0.006009223858708183,-0.0008405742460680469,-0.016326171014891876,-0.015520050975818078,-0.03782980119274411,0.001211424977613007,0.024331759415897023,0,0.1165686748554298,Medium
-0.009273345147239542,-0.041919967654583494,0.025533825752496818,0.03801576636536438,-0.04963476625728155,0.15284124929414916,0.06316400116989307,0.3647936983651242,-0.028814323197359774,0.2561779561456751,0,0.9338429606070934,High
0.0014450898817386971,-0.0043903552587923065,0.0085999286341202,-0.0018791937083913544,0.0008910964614159456,0.008515500433293624,-0.032734186893564846,-0.021205594359964525,-0.0007483630157967339,-0.005777406524668088,0,0.11567538142024571,Medium
0.010599371524106414,-0.0725042483756344,0.025201178002389923,0.0,0.010425259105228091,0.00937212000354627,-0.01810834270821461,0.021503109513809317,-0.0009094449795715165,-0.015324278729322896,0,0.13321358912719167,Medium
-0.0023489219013253376,-0.03975036297840247,0.05149688329508488,0.004579368073712852,0.01689331388729075,-0.020432841427892562,-0.06458882768461266,0.10665787973201514,-0.05786242642356906,-0.018023751323785527,0,0.13957917901937109,Medium
-0.003867383231235519,-0.007167480844815851,0.01780863817548534,0.003256452288652988,0.01042030610669337,-0.05518736265065706,-0.03368217199582884,-0.021823061977043673,0.06736111316207433,-0.021549426456449326,0,0.11852848834773083,Medium
-0.0016502307562551513,-0.005618430487420809,0.009540087626236367,0.003279275962041948,0.0038086818640383794,0.01119501127634777,-0.03624835999512945,-0.025841312154196334,-0.003550527762715955,-0.0022028165923630282,0,0.11567024475143882,Medium
-0.0001220557360933558,-0.03370062607798398,0.02538638136014477,0.011618442624718015,-0.004373049456519485,0.002295117870583982,-0.04091141299593709,-0.00754668065698677,-0.023281472511127953,0.028504181317594253,0,0.12082769150924746,Medium
0.016381706299347504,-0.08425792906444814,0.04548641401496092,-0.00615394821298863,0.0015657045971581,0.022023470874538455,-0.05436943406806251,0.10658477231958756,0.007997035729832324,-0.06667084226359825,0,0.15154581599718242,Medium
0.01472296042251024,-0.014336121988049032,0.017258114726917344,0.002162472935910061,-0.0023315093915902167,-0.041808610610767016,0.00041734122447595334,-0.03876183687364227,-0.022466480027424407,0.044055451122635265,0,0.12187064731183102,Medium
0.0038786947671998976,-0.00564790238224087,0.0053056847407765995,0.008056668869539884,-0.002332109990679787,0.012124865666690214,-0.032148268612348,-0.02167388726038957,-0.0013956537121567845,-0.013271368316453128,0,0.11585558954079353,Medium
-0.019608400328546174,0.01899629175800343,0.01329038489532329,-0.0026586836167442566,-0.002902574502558822,0.015711189090430278,-0.038485815360844146,-0.028199754354325948,-0.001872676076114358,0.0006345805233544319,0,0.11786340779883281,Medium
-0.004531619643032736,-0.01109241260600213,0.013141949072323179,-0.007875359248334036,0.00015501189897754175,0.020269196632195112,-0.025778528548194412,-0.027235268985594054,-0.026577385409529298,0.024739572537619558,0,0.11817402147128381,Medium
0.014876474044134617,0.027518258717484076,-0.03317980174774493,0.0002664141232969902,0.010790716915757436,-0.0810131891474248,0.039962677282194305,-0.04820385732920615,-0.03756630398823619,0.061882413529212074,0,0.1182926681703225,Medium
0.003473092350466617,-0.0003440424536830383,0.014154505790977986,-0.0069993224856450985,-0.0019164474631355904,0.037917429025050166,-0.04427908743751537,-0.029434001860657595,0.007508778352582032,-0.02733868531817304,0,0.11570108427112216,Medium
-0.0020189665389381403,-0.0026843504734186704,0.009456414174578934,-0.0008629860949462532,0.00047307187316605187,0.02472097244771064,-0.039806813139702066,-0.022919848430337657,-0.0027668731990676894,-0.010879019200764617,0,0.11567046718913561,Medium
-0.0025007141053812604,0.018425179210227145,-0.012656023640042261,0.005933492066516674,0.005252373666985589,0.010350862367725878,-0.03417354275500035,-0.029322986418413362,-0.004203731329677017,-0.004240009117929201,0,0.11582376571586692,Medium
0.001720345853358056,0.01710084852205678,-0.010609256816904845,-0.0030868650167596525,0.010447837091919227,0.029512629579367403,-0.038284640625294325,-0.02355535531771488,-0.00377472912121609,-0.026611065547608982,0,0.11581861437205777,Medium
0.0029310843930451078,0.025269762470552244,-0.02896485341858687,0.00207762468213635,0.004166260785637567,0.01105768851993691,-0.028568489956031652,-0.011359269194087461,-0.00040323706577905655,-0.023323459625032638,0,0.11584197736264558,Medium
0.002780399302330272,-0.010937125772778894,0.012799176075862456,0.0026096512741378072,0.001496159834115004,0.02256457497284301,-0.04286132560629695,-0.020826952205054643,-0.004371014037546422,-0.010543907741776451,0,0.11566850186669028,Medium
0.016851217706333927,0.06175678858278644,-0.14929067396152879,0.010728468649973464,-0.004971637083350076,-0.010668075458191678,-0.034782991309783254,0.057074771726458674,-0.003345316120192919,0.009856567830044153,0,0.11616798633340503,Medium
0.002303882581434416,-0.008236986555093279,0.012145509478537535,-0.0023882339122458605,-0.0002842776311371628,0.006038859239734361,-0.031924338964408785,-0.02585155272680957,0.0006405626381270295,0.00039457069727349904,0,0.11579686061626726,Medium
0.0009260571866640666,-0.009728496907060503,0.010560311053516038,0.00024803652861383335,0.0025715960148824726,0.015402056319015535,-0.031521263961668086,-0.029981042625426797,-0.0019083586670833356,-0.0038588758224474737,0,0.11566888488986084,Medium
0.013367733009811828,0.020016068233873877,-0.022593196596000887,-0.0020184693760038827,0.010018754844513846,-0.03274011109712452,-0.03040887228337724,-0.022583605112877127,0.048500754625352166,-0.028282561299465058,0,0.11623536071955808,Medium
0.0024038414597299515,-0.014464255524413184,0.01627661721400168,0.004460301832975514,0.003172708269960922,0.006981470883646778,-0.0397552029667235,-0.025896571298675734,-0.0023618981362175323,0.002046367628430183,0,0.11582224513357016,Medium
-0.014138474389192664,0.019086197044448115,0.006579330536036566,0.0024160584838237285,-0.000894801386558397,0.0018171302284178963,-0.03298544142489064,-0.025290281559548253,-0.005854490282008162,0.001985732123033252,0,0.11567982514441652,Medium
0.00890922638046724,-0.01150050007007426,0.009455216503951579,-0.004413275140483654,0.0022429233798797604,0.05526674208793064,-0.055748462619172504,-0.017239057333230095,-0.0006083854241009091,-0.033457145828265714,0,0.11586614770775716,Medium
-0.055660065011772515,0.03710555136974399,0.021357666308653246,-0.0019018851862405359,-0.0064223871904158705,0.0053625140845278115,-0.050688670431789824,0.01976131496071757,-0.01622705021959592,0.0019512746689113742,0,0.11759712912359441,Medium
-0.005593506674196606,-0.007161160810010087,0.014724339387650227,0.0057490761181581765,0.007571340435633776,-0.06218935471069542,-0.06243904803556754,-0.009704574004870141,0.0639293566459162,0.011495359707277561,0,0.11934069383015122,Medium
0.010984356410025953,0.034719175294317055,-0.037988829893424024,0.011460686997753381,0.0007047418764810007,0.08252030619096151,0.0012118407701277203,-0.03150058066841357,0.016200947923510303,-0.1333233920732485,0,0.1179481185989459,Medium
-0.002464383023183518,-0.0023973672263155592,0.010378151448724095,-0.0014958647534882158,0.004178484441428566,0.01067461679873518,-0.02387866053222767,-0.025663311699834965,-0.005621500417147562,-0.00883634273859945,0,0.11783268806894598,Medium
-0.021976876076045565,0.023892086149797397,0.01557141309501619,0.0003053421392170477,0.002525491031781915,0.016849237688894195,-0.033802655296564475,-0.033654126405942966,-0.006520811390064932,-0.010458513346226387,0,0.11568945336071751,Medium
-0.0036006487201652626,-0.004643371537991054,0.007964778559848913,-0.005283684159521511,0.0005750439468420465,0.017208633747578098,0.7746586265013667,-0.02040032676337642,-0.004887521394812442,0.07543114702914867,1,0.9999815429797727,High
-0.006667623232122496,-0.08040126877525385,0.04535671558508332,0.023874355784562158,0.025180778260954145,0.03967249982635626,-0.08878216743809811,-0.03858014364451995,0.034199410983957255,0.06113091893962926,0,0.1779423420614031,Medium
0.005911664266586252,-0.021551562681928933,0.016569282554955652,-0.002364293185523942,-0.0016802221941350504,0.008717905235052096,-0.03959547224280919,-0.034980055200608866,0.0022833559179107742,0.024194998397525626,0,0.1204644666378795,Medium
0.013353645830723924,-0.02206691903144453,0.0861178770831864,0.03541119318243018,0.0021809352807709015,-0.0073938173451281,-0.037657316883237604,0.6591964964584962,-0.013310463432849709,0.056316774984540546,0,0.9351072718983433,High
-0.02640086899917783,0.07194590562169181,-0.003404270454700818,0.0311667824672858,-0.007249223400689325,0.30249467407968184,-0.019657950337428644,-0.0028655643017270194,0.4255284751603373,0.06510162315587323,0,0.9996184487620012,High
-0.0014108011420515335,-0.0076357363208845955,0.008396942097320994,0.00040544620640561857,0.003567251920712218,-0.004114294194231644,-0.02579743854848921,-0.021649832774095133,-0.0009747545468090522,0.002051851284097582,0,0.11579749975283032,Medium
0.017412078272287534,-0.07403525130637732,0.007581831781492866,0.0005963452912505843,0.015014157291106032,-0.03789360499704257,-0.0627888406625097,-0.02567842525396899,0.021341540691440335,0.12395691786151347,0,0.1484656147400473,Medium
0.006119598946814125,0.021474151494603366,-0.013912155656878672,0.0005632850461489977,-0.0048627540962918455,0.021535174265142336,-0.0382627894537922,-0.014699124831913286,-0.0003248937969126259,-0.024775381328064703,0,0.11581397635971058,Medium
-0.0010447106679536868,-0.007085806297867623,0.011913131960473234,-8.870797486363463e-05,0.002141046088386495,0.010930155913267008,-0.03560101243593327,-0.027431590022157906,0.0003961685490022043,-0.0014174402620474532,0,0.11567010062116045,Medium
0.01375290074305589,-0.009254238118266622,0.01510428252278912,-0.012537179631603158,-0.010091484024389858,-0.08360860313369611,0.03625255596051799,-0.05239549529749758,-0.026975379140549396,0.08761603601003996,0,0.1208222616612553,Medium
-0.029018397577192524,0.033431898824023365,0.01861301876158727,-0.0001603839469061924,0.009306663297193344,0.07299828168877757,-0.05331706704800985,-0.03875362272463197,-0.017952448870423656,-0.042288993923800144,0,0.11581781425147232,Medium
0.0021246635313616124,0.01688619229684214,-0.017499749373092312,-0.004367763169641902,0.0037905014256984066,-0.0014876498581798195,-0.028496210257138884,-0.01987332769840784,-0.005810222117654915,0.01184063514304217,0,0.12006593569368373,Medium
0.006758369527488942,-0.006950188432749854,0.005950334010514808,0.0029822326213846985,0.0014838966921875835,0.03278143199513784,-0.03674603174927866,-0.02870293494530577,-0.007472134067157168,-0.017373625551846263,0,0.11567021587123123,Medium
-0.00044220633139346877,0.022286167523044676,-0.018709166176248078,0.0018407620153460215,0.002733479104914281,0.008052446513807566,-0.032383896064033746,-0.02636075970228507,0.004711951791918872,-0.008851278690382498,0,0.11583636575554362,Medium
0.0033967757822671563,0.026672656430996425,-0.023205871138107785,-0.0003235252883835582,-0.0005878731755189546,0.007451867066938835,-0.03953872499917017,-0.029127332949633856,0.0035714175148900042,0.004991411932030557,0,0.11625966694716375,Medium
0.002032807489745145,0.023953443246579612,-0.015108799217190433,-0.005632638233374134,0.0035951070445996063,0.004101396722671626,-0.03865475787803106,-0.024725252958173193,-0.002514105614332456,0.008050861472084194,0,0.11805692784543398,Medium
-0.011169854281405267,0.01843433120738393,0.01354645037882653,-0.0004469950976692602,-0.0037656037690141446,0.016541423390551868,-0.03811039519630977,-0.029515249173224616,-0.0015485387882702578,-0.009207901618739302,0,0.11771653282298479,Medium
-0.010525853763673883,0.000790126282791128,0.001939075440626991,0.001385333410200383,-0.0007504230201052013,0.07811073289571142,-0.05552654963688392,-0.026924879977398578,0.006549108559877066,-0.042180892850907675,0,0.11582464311109282,Medium
0.00097915364422098,-0.004487004383770388,0.007995326618095872,0.0024546950401759878,0.0007887795901786593,0.012672060002221899,-0.03364859050615192,-0.024961296616227025,-0.0025799616207745546,-0.006340687601088845,0,0.11583133993773576,Medium
-0.019785936600297455,0.02199723826131066,0.007073518519000519,-0.000405250726646815,-0.005784435523499674,0.03235359303878397,-0.037391890490112996,-0.02844136377315231,-0.00294712478043579,-0.013950766194951503,0,0.11567644750085368,Medium
0.01267088980573874,-0.020083843933200066,0.030151326718657112,0.0029491921677083483,-0.0014389925460295688,0.11224730998765113,-0.0756915591224283,-0.04731253196227364,0.007973274437459267,-0.06601605925983886,0,0.11840787206429922,Medium
0.004826280084127148,-0.010790486983396796,0.013819804467310893,-0.006465987403801463,-0.001008777623481845,0.02892050194873999,-0.04096831648559049,-0.019122050845871357,0.0015414071374460808,-0.017849788673833692,0,0.11586145139250355,Medium
0.00581480278103727,-0.009190081199512114,0.00960413043207818,-0.0008598322439985831,0.002451987758769236,-0.009686441258432751,-0.012995873007215405,-0.024889588420723516,-0.026508029058714393,0.027821453693523047,0,0.12452139524766605,Medium
0.006441119834068448,-0.04408046369356057,0.019482116663874036,0.002813398813815036,-0.0035313262170341073,0.010853237395074279,-0.038334116756752454,0.00668950572605314,0.004883943686904605,-0.006966744269274226,0,0.12120953695402327,Medium
-0.000958897589479414,-0.010508028290443326,0.016605099098222796,0.000118358631666024,0.003659660036736443,-0.013043987196384391,-0.016472000762348584,-0.03921317235016747,-0.016643093812193043,0.030107232129874515,0,0.11661003566633862,Medium
0.00350566204550244,-0.018254025214834876,0.014664234198167946,0.011110992694022865,0.005664298671617288,0.006636645430492654,-0.02393210555856714,-0.02681887425726438,0.016342642056716507,-0.033834075566640705,0,0.1180442602700677,Medium
0.0025628761297995474,-0.013957832726024199,0.012973962633671983,0.0056478666067382565,-0.0010724214030125787,0.013938807107170405,-0.03011251453052526,-0.02167652901577556,0.005733492922149724,-0.021185716488352272,0,0.11581085700669513,Medium
0.026160055191086534,-0.10164060729893093,0.03382785350348583,-0.045038962174354144,-0.00936122717915044,0.0024618409124506635,-0.018686612382521044,-0.037884936256851104,-0.004930167964362985,0.1735029643206044,0,0.18136906644231204,Medium
-0.0012050054465861243,-0.0295909532157003,0.014096705620446407,-0.0042588573480404745,0.009088326071468098,-0.0030822245510017748,-0.031224169033088493,-0.032484528633217845,-0.0010792755950622109,0.03324766629249566,0,0.11646654993256801,Medium
-0.038842062092186894,0.02455928542591988,0.010826432520209732,-0.0056183666727309635,-0.0011483446589502996,0.0016651799884596493,-0.00990760722051898,-0.030299834553894792,-0.026997408934059657,0.03041319181824428,0,0.11760933139134705,Medium
-0.002532622893843763,0.02035883375855406,-0.014644036345589452,-0.0031696754026769754,0.0004056085485170946,0.021898359162134978,-0.0321084165587841,-0.023807179279347595,0.00032915951037283686,-0.014010570929608378,0,0.1156783253405838,Medium
0.0017046070507273914,0.016056861774936867,-0.048129245448307045,0.021858115270521845,0.017085878357262413,0.32712794770180875,0.03011336029909062,-0.0066110631241471166,0.42006506700245744,0.057763300756924686,1,0.9999936954121308,High
-0.0017458830247093183,-0.022696023389443723,0.016502459853910564,0.0004687755041838451,-0.001694045848344603,-0.07581290605917261,0.022906327723948516,-0.05399673464162085,0.006294534794815259,0.06556418345016234,0,0.1187495541345845,Medium
-0.005166607873166944,0.03151367432405868,-0.025765841638735285,-0.008516875739723949,0.007126531456227617,0.06359674047944731,-0.033626533329389995,-0.021910496842891182,-0.011359709165256035,-0.04285824572519839,0,0.11599150171622691,Medium
0.0021200833337506227,-0.009367701644434744,0.011095766848577066,5.82598117147351e-05,0.005085775117408814,0.007858439697940546,-0.03412932898175392,-0.02615866161499314,-4.576909240974287e-05,-0.0016383589096266727,0,0.11783737033702865,Medium
0.00037321717474662897,-0.007675848198850588,0.011450690666599402,0.0020305551248770166,0.003868872725303857,0.005579105042246823,-0.035054911855836354,-0.023079097184129153,-0.0028455777842650094,-0.0019371858876903294,0,0.11566868559385737,Medium
-0.005209082196188132,0.016267691884279463,-0.009537685023675954,-0.0005712343079888119,-0.0013198083437247355,0.013496299875752652,-0.03365291218781819,-0.02035499796050005,-0.0016032114885960222,-0.00480599925167338,0,0.11566792677072192,Medium
-0.06963466573925643,0.03214434070677135,0.02435174265379829,0.00031430506194461,-0.006399735465310274,0.08467543538517698,-0.0677233637702354,0.003780518737430309,0.0014803488951849616,-0.04579952507233229,0,0.12014826716402718,Medium
0.0035306212200172877,-0.07176748197857781,0.048958917478296185,-0.005192221212071386,-0.007292686175956806,0.012558870765411631,-0.06935955574615925,0.172215944918359,-0.012366451937799984,-0.07322518610362946,0,0.1610196369987445,Medium
-0.0010268273404390547,-0.07670994692062544,0.04042778958155763,0.0005328278125169145,-0.035699527757141795,-0.004883919681176636,-0.043835944678054135,0.2460688577461606,0.026250405853599154,-0.05058305299610086,0,0.26349952739115146,Medium
0.0023812798421403852,-0.005756253040467911,0.012157893351271725,-0.0015683745307152343,0.004662859637594505,0.004843591358995148,-0.031655421067704,-0.025918125807359152,-0.007392138747383395,0.001080857301816819,0,0.11579503406904397,Medium
0.00611820177709786,0.02007989038201698,-0.02521018361226689,-0.01170344345086851,-0.0010623315591851562,0.04665102025663076,-0.027920707405609146,-0.002837843879924681,-0.022800321036469486,-0.02023846946795464,0,0.12403467777432217,Medium
0.003658527176682204,-0.016037881228182626,0.011103439636167205,0.013761076603654918,-0.0028661209858089976,0.039576599601647264,-0.02488764727960601,-0.030368069956725995,-0.000227594700556992,-0.040857783224125005,0,0.11581341141400105,Medium
0.003666495095410239,-0.013628128036036065,0.010284481647494317,-0.002020310998390622,0.001413988631167386,0.010409335569227334,-0.03712325238368486,-0.020246554316833677,-0.000563860111066912,0.000648715491467664,0,0.1157997763596099,Medium
0.0021621076872468913,0.022091165275311474,-0.020559545494591918,-0.00179213535077008,0.005770888212340676,0.029975472688257926,-0.04334621754602057,-0.021292932954505572,-0.002457125132530531,-0.01769947974960996,0,0.11581106340598342,Medium
0.004495302213385925,0.02725367999087055,-0.04264576742289477,0.0015666388389424038,0.004604507786390478,0.023491595480285878,-0.042695694785526435,-0.009811233239644803,-0.003100413527653784,-0.0102770882936769,0,0.11584039281133363,Medium
-0.0014740849604632578,-0.020384628061274175,0.02009512879436967,0.004523385185702044,-8.981689177350871e-05,0.003992525137838127,-0.04539491193911831,-0.019014208931044285,-0.0010836397829392882,0.01425618865020119,0,0.11838480297235328,Medium
0.0009119935945011426,0.013152277114789552,-0.013498739018587764,-0.005872069919387163,0.002974025685840248,0.026902626445620085,-0.03296303650376824,-0.024199564577887682,0.006869015308502744,-0.0214283541330426,0,0.1158070397674354,Medium
-0.011251358495557185,0.0251599753602982,-0.009953619414941892,0.0182422455971526,-0.008965216840475998,-0.31734174131750714,0.36739936254089745,-0.051228430851759675,-0.036246363714702884,0.005496134851151635,0,0.1442698534854102,Medium
-0.01970564010070551,0.022733138793399343,-0.003317201348029375,0.012320314702482658,0.011759290613126873,0.09452408718111326,0.39788211697070075,0.019035538551436852,0.24815511514958108,0.053645860346860086,1,0.999991486630821,High
0.005830404294393674,-0.09137606272491626,0.0403749128499647,-0.0028594090687460326,0.008126439213105944,-0.02439572442642701,0.00846386233145132,0.0982944573925139,0.0015495508320819452,-0.0552692251562084,0,0.15169807130806887,Medium
0.0017246537324762487,-0.011567852067170445,0.014388702613450858,1.7322973481968817e-05,0.005046325363918043,-0.0054594946443177915,-0.031125433074125092,-0.02175052567945601,-0.0013607031094359236,0.0027970857220052272,0,0.11566894760168217,Medium
0.0030729626611589026,-0.011053373442422043,0.0128958584440224,-0.0010629275743630165,-0.0002096708710148386,-0.00019254479645807593,-0.03634350184499253,-0.0136689352119015,0.011295168496750607,-0.00988359842269377,0,0.11780830320894123,Medium
-0.02305996793586545,0.03216636779442744,0.012815434151495034,0.0012987450217673174,0.0004875932357060117,0.04036490737432155,-0.03378233961884934,-0.034660517937710085,-0.007755714602063589,-0.03514875153065682,0,0.11568462172342715,Medium
0.012656472312456172,0.03280056478413333,-0.019607799505468856,0.0005502043429894826,0.008441449933084672,0.09419891170148802,-0.050513159198818616,-0.035627102315751225,-0.01593136757257744,-0.07410472720520603,0,0.1158223130471846,Medium
0.0049125519470931975,0.023415257261955254,-0.021888650487329808,0.0036603550529511913,0.004636408966225976,0.04903969588653323,-0.052860170980243024,-0.01431932288175521,-0.004894603721182038,-0.03897688353450868,0,0.11568350328059518,Medium
-0.001289643167907216,-0.025726151901522935,0.021733731476088158,0.005170440246670445,0.0053593498025239885,0.0024849908744976417,-0.040460060749101474,-0.017084241102998575,-0.003202815718008127,0.00615384590942724,0,0.11609831144052422,Medium
0.005170326231710348,0.04797679485196514,-0.13005212945381778,0.016687929684383228,-0.014353776477848388,0.0313022731075532,-0.05737250250229642,0.22966004452600308,0.041365895747618335,-0.04249132019252877,0,0.2908524012935971,Medium
-0.005520804788580875,-0.014424906818409204,0.012682561617992286,0.006154026367878208,0.005000169257858152,-0.0021240677041313855,-0.022960460729682077,-0.01663461104851494,0.012394927785842624,-0.02170878031134242,0,0.11581691939976546,Medium
-7.43802473159097e-05,-0.005196204499423537,0.011145375599350648,0.000728459238002295,0.0036631922243724434,0.019730060797882643,-0.036122870775096357,-0.02551506048734314,-0.00304794264196296,-0.012597076208568406,0,0.1156724187707528,Medium
0.0038902882450196356,0.021720052718848727,-0.01158353482624654,-0.00114575732973983,0.007719649999646569,0.02814738756290035,-0.03809838934815271,-0.0308723350521388,-0.006562485107168673,-0.01846673079618616,0,0.11770701183763765,Medium
-0.06257623275804078,0.03429395979942873,0.04394103841419345,0.0012448739225642312,0.02151839151989853,0.28623830243313664,-0.0003828929277556181,-0.01544855239581381,0.43094359212626454,0.09726635339871113,1,0.9999976993034422,High
0.0036471990488208816,-0.0071420778238371965,0.009258202572996702,0.0021675474911118445,0.0029316070956742746,0.013772161867636667,-0.036298352276033466,-0.024363955504788416,-0.003185028130420129,-0.00807373561470467,0,0.11567243449731159,Medium
0.005395052272963754,0.023905801971502116,-0.018992783133243214,-0.006697966127572751,0.0010965651488573092,0.011092466661708097,-0.03520424320219205,-0.02198346918813025,0.0016479107245010605,-0.0073427863317525,0,0.11587541456749666,Medium
0.00871810288562548,0.0003862868480234774,0.013225126629097118,-0.008187245177527796,0.0015507398252411898,0.05093618197433792,-0.04840589166485192,-0.019503576795478268,-0.00827769196972007,-0.037603006799038954,0,0.11579789152656325,Medium
0.0021446292685385546,-0.06311968907291407,0.043760830252167114,0.014341316480246124,-0.04901323536384982,-0.0055531126403609386,-0.05297402187018357,0.09996898082055204,0.028803542610522526,-0.03298545413884555,0,0.1483326521167275,Medium
-0.001043965722947189,-0.005183580890591202,0.010911657341032204,0.0018106278653964906,0.0020991811149389315,0.009635080288616999,-0.03456307998936703,-0.02131537477889841,-0.003934541223506016,-0.0057068234558414945,0,0.11566804631968837,Medium
0.0025300690428082875,0.03397318724657318,-0.04518892217460757,0.015427418914484865,0.010695442005091796,-0.00982491166780365,-0.026762890216145595,-0.01876744935176674,0.017303423634679408,-0.026284906195270765,0,0.11605932700889829,Medium
-0.21236003266710934,0.06490158454471374,0.056179333166617385,0.02084050681191711,-0.03261138645980169,-0.009363816451618897,-0.06364991004716712,0.2638275064756209,-0.07370464408137001,0.07666586769957216,0,0.2536838747622293,Medium
0.010017181034871597,-0.06339847716180744,0.037944519644892066,0.001375194721370705,-0.00687923497653386,0.012303984728629877,-0.04921514414311441,0.02408256789957265,0.0024019000465709053,-0.013910319275920503,0,0.11768103828938667,Medium
0.0035754207824317125,0.04735089304899882,-0.1591495100654492,0.00833382599112824,0.01057965384166472,-0.0006094001671514832,-0.04650915785138163,0.25996425903474724,-0.019665496078413766,-0.01855958410791068,0,0.24826977019951904,Medium
0.0006765432252145362,0.021307726209729583,-0.014890357305854992,0.005707070568290404,0.004513739064657227,-0.06121231863338791,-0.02459552685956727,-0.026046250564684913,0.0559653795893783,-0.008134313835402286,0,0.11625055722922775,Medium
-0.0168188671116025,0.019521823894695384,0.013177929361843936,-0.0002329581146144552,0.0018195985330333477,0.01847739964158066,-0.041250577194455705,-0.029687236237621182,-0.002415261805206454,-0.0092428793924542,0,0.1163078373460539,Medium
-0.00406569211519516,0.034816599184273246,-0.031887667943448536,0.006852052838920177,0.0021697557374436016,-0.07535723436909132,0.6151604796485788,0.25882539858774645,-0.022249467316844976,0.05267507702148002,1,0.9998981670447173,High
0.008207380533039765,0.03910012521580764,-0.006315343715622292,-0.002400987918729114,0.002160255444898739,0.1093315335326749,0.17390033199229393,-0.03299130856058612,0.4501455288660218,0.09586297371514099,1,0.9999593548757953,High
0.003554219427097001,-0.014322515357076975,0.018139448815179964,0.006406061165616851,0.0075101159289655516,-0.061719707061893385,-0.03188301197732783,-0.019272703245643816,0.06756610279238673,-0.020620784865019087,0,0.1183160913931401,Medium
0.0023614057492795113,-0.006209273711564954,0.009159171528359529,-0.005297222011571549,0.00014680884249858306,0.023042194074831376,-0.031474841552095775,-0.024871415993331168,-0.002102281677850143,-0.012039479228162333,0,0.11567393179124816,Medium
0.002542997337944791,0.03225165012022856,-0.03667843315956881,0.007640845217066295,-0.0014558355566894748,-0.0032598871373700623,-0.03719491346658571,-0.02585222626411744,0.006213890758960848,0.009088650218994108,0,0.11625560383971817,Medium
6.26140413820947e-06,0.01962081095500896,-0.024484891224801412,0.0007204651656793457,0.003118498228073203,0.05351992660036745,-0.052252563864341524,-0.015889336176174933,0.004202759442051938,-0.03570592016645619,0,0.11581487613440014,Medium
0.0011394653409401326,-0.009411048480840189,0.012613673915861474,0.00031270347975082685,0.004722640326514064,0.037497808958948525,-0.046743173344609576,-0.02538180474483431,0.0005635818819378273,-0.022594792868495688,0,0.11567792023602817,Medium
0.00717386245813438,-0.0363336054513621,0.02863447372721906,0.008915637265589698,0.0024805438604107444,-0.06448731362380065,-0.04571864868489666,0.004277125800106388,0.0698480350077756,-0.008212644721235013,0,0.12953633140879653,Medium
0.0037955959688226078,-0.01824648127334535,0.009867238239966578,-0.001888727308082247,0.0019361411638031006,-0.006156382990231948,-0.030090442163957565,-0.02220856884395258,-0.0017410473713850552,0.017683743951789,0,0.11590993514428162,Medium
0.009599262121498383,-0.10967361666048679,0.06009794235575285,-0.014195359321144251,-0.011546166705241692,0.005144654314353667,-0.0804542232191497,0.2950355761815143,0.008538042862033728,-0.07496264019009871,0,0.25054233750988686,Medium
0.001173077396255745,-0.005523273039139481,0.010360617363675663,0.0014520744745044512,0.004147941360001543,0.02981596471843922,-0.035121932737268144,-0.02690671394650087,-0.0025048703263459487,-0.02417691869051226,0,0.11567483234396501,Medium
0.003489196523710645,-0.012585878913753665,0.012350116623376801,0.002220860233399839,0.0002450653760236454,0.006449726918320928,-0.0394166497048163,-0.02056813972329837,-0.00373792397941719,0.004567382645196114,0,0.11597262176959754,Medium
0.00494973781143812,0.02218683928999599,-0.01535464697378715,0.008048450521250786,-0.0024346820455569337,0.03200591120572083,-0.04693585613955629,-0.02947605533250051,-0.005219732434334711,-0.01505667650376755,0,0.11567215516975766,Medium
0.00841326511123305,0.022026711157681768,-0.13814522724513345,0.0023688970933963827,0.027379211226319634,-0.03506260550328959,-0.04492291723988013,0.3875800799238364,-0.011118923992369049,0.08426353963993259,0,0.4657408959425828,Medium
-0.021415231768649446,0.020946898446540237,0.009306728827976694,-0.0032654317597256605,-0.00856939123568161,-0.005918081858124315,-0.023668092362646317,-0.02606543012327679,-0.004512617569975028,0.016121690123887557,0,0.11591990649118042,Medium
0.0016765983606831236,-0.006531612906201331,0.014465319528078798,0.0012217748424545028,0.0032365838758626527,0.01755643670912249,-0.042766192343358087,-0.025917814099761075,-0.001404021680761778,-0.008817829488748534,0,0.11567810856822586,Medium
0.002758524595036351,0.023949112586263335,-0.019744979501513715,0.0013778679844623568,0.0025636860198469617,0.018917533321980724,-0.04368766756327408,-0.0185408632240872,-0.004479971015904734,-0.010372091871936258,0,0.11570001710172882,Medium
-0.043190540684480375,0.028011423427735806,0.007673513809593226,0.01668820327543157,0.0008809280691456436,-0.052957377797534254,-0.032782726256996506,-0.01562666005881541,0.07972343836147851,-0.03240749970409214,0,0.11897156821232116,Medium
0.0009095811556262406,0.043263465687401366,-0.09958556606865025,0.01610709301560032,0.00364295900946735,-0.03847722292149702,-0.05855374959655832,-0.02865990259724632,0.1024802280425439,0.02387775500572859,0,0.12796350650327093,Medium
4.4116054615753186e-05,-0.002953510463775261,0.007300066224345431,0.00019723908786293336,0.0008733542466422297,0.013913051988110067,-0.03662122804741657,-0.020939608148874,-0.0005014720072459367,-0.008471513430710245,0,0.11579936127440948,Medium
0.0025797281877780525,0.018294679146660005,-0.014524632873281016,-0.0011047451465928404,-0.005197787491494135,0.0037451097119614992,-0.028857560933889234,-0.021597786402792075,0.0007112133010494168,-0.0012115035188740768,0,0.11579557975138069,Medium
0.0018169194670648846,0.022608368606862158,-0.014167117072006147,0.0006683577716156704,0.003857803977926869,0.014888051591469968,-0.039183275662108774,-0.02601432147339296,0.0003280682521715622,-0.011940813373328706,0,0.11582090785712962,Medium
0.00315224614597636,0.01964859590353786,-0.016793624613635386,0.006379720846098077,-0.0019707722994948135,-0.07527809275417675,-0.033218330224919414,-0.015012864918778087,0.07970747265258726,-0.011077863907190634,0,0.11849535260085955,Medium
0.00034709141724022577,-0.01658455914109269,0.00041906242846463643,-0.0013647850157844264,0.029180664683780066,-0.29716846813697234,0.2936637129349826,-0.05382082024556455,-0.030667626576959796,0.05164626173828682,0,0.13860939985723564,Medium
0.0065821062206144155,0.03590180676446127,-0.052047976488041874,0.011628488165475858,0.011752065162988304,-0.056060017909417545,0.008489841590209584,-0.060852853752256235,-0.0009506586602128497,0.052214281833990656,0,0.11961594869866668,Medium
0.005149660323014005,-0.0316972879764136,0.07574216904622,0.013485806803929084,0.018137245508666026,-0.03132781306535481,-0.007579238949612844,0.3996280077964738,-0.014522376754227814,0.15646939390050518,0,0.7464444324040542,High
0.0017142530720569565,-0.00987731913746199,0.01070512007158897,-0.013114037084366181,0.003017171073847096,0.03652053590376002,-0.028716687083924254,-0.012665115292875168,-0.009175807030121299,-0.025689695719739277,0,0.11567728454361995,Medium
0.017751247423765333,0.020178632198874037,-0.0664108401820554,-0.0068918945019781075,0.025913823541213358,-0.27287876502432606,0.40315482086091814,-0.07946590720364075,-0.03655341104920872,0.010563309530591066,0,0.17831988136500798,Medium
0.0036739364399752603,0.0232881609655846,-0.02102951864092308,-0.007423006336775801,-0.006134125990484776,-0.024231694760965143,0.010625844987633802,-0.03317897910044304,-0.02483983034783249,0.03394426689150567,0,0.1176539198781301,Medium
0.004186028164895687,0.031284919170165855,-0.0318285827977953,-0.00044341385587886445,0.003602263864815581,0.007740482066516077,-0.041313169568140115,-0.011463984523986025,-0.00046372944030378607,-0.008408328988229876,0,0.1158513498629143,Medium
-0.006867659434444447,0.03246217942822208,-0.024823498163152012,-0.0018192881340296494,0.005446575108469411,0.03089598680260726,-0.04824361471428081,-0.010712342797522569,0.0008954272443283395,-0.024324478319457155,0,0.11586815279159553,Medium
-0.0013298265667166659,0.026132491762004786,-0.03098885703686887,0.016096731730023222,-0.0028465955795763135,-0.010264836405534213,-0.029520522830029584,-0.02141120423280178,0.017619945510856536,-0.010226210288613227,0,0.11621998183359897,Medium
-0.002516323259353512,-0.003921280554228375,0.01267947682182251,-0.006937264008853645,0.0009279335075028634,0.04712323995054353,-0.044764673210895285,-0.020097142958502245,0.0010687785928769275,-0.022361642671839994,0,0.12415996797992786,Medium
0.00781293056529303,0.03579069106014599,-0.0407650176519651,0.0061001487229482235,-0.0067206348390911,0.0026740996270597684,-0.03956567323655074,0.001792073736050559,-0.0020567002812849496,-0.011998966296305036,0,0.11602181717715573,Medium
-0.0030754202815878495,-0.02323001042193751,0.0299176165616758,0.00060548737167955,0.003381851215699692,-0.06009060187224999,0.011030095737637788,-0.04975930324349907,-0.009399943222863442,0.05394072961299993,0,0.11627936722840997,Medium
0.0053305681129548815,-0.0022293952473264444,0.009710098575227236,0.0036609526462846593,0.0016696199275763601,-0.03978801769208559,-0.0103372116931375,-0.03464663613073275,-0.0028708762002502357,0.022821875948735842,0,0.11627984401810154,Medium
0.01517999667631564,-0.06645166788624815,0.03258955886751998,0.002479599480164159,0.018633298497571598,0.009268070590666299,-0.02697457609746818,0.02727476344599536,0.0013224308001017794,-0.01867819619508799,0,0.15760214395038555,Medium
0.001935509192331589,-0.007157664366867685,0.013127769454635672,0.0020483140955942685,0.001602673183073569,0.008781131723027589,-0.0339754151921771,-0.02708036989537428,-0.002212620984618445,-0.004205529726067954,0,0.1158226632544123,Medium
0.004073391792728672,0.018954837081211734,-0.012506717284586103,0.017173571889121983,0.0016103750973377154,0.0024386828497511407,-0.03318535937045668,-0.04138227759030274,-0.004074049224607845,-0.0002051830647292613,0,0.11585613794632371,Medium
0.0,0.018354167341699233,-0.012268423457112782,-0.0024899500749638657,0.005221588219067689,0.013292019724631903,-0.03727949940506968,-0.02273684527059233,-0.00228049623607135,-0.006941041510211499,0,0.1158303851022324,Medium
-0.00024992984239484406,-0.0074288981631032225,0.011311770925952222,-0.0005612493568449404,0.0029600215763707087,0.0004690592945295466,-0.03325304918224683,-0.021014256529188795,6.273579370323634e-05,0.00041274752132498935,0,0.11566781780895716,Medium
-0.002551222942344358,-0.04563610725486201,0.026444115747716608,-0.014783327261179816,0.0004653408766105982,0.013846814978422065,0.32570293357852803,-0.07631879688588009,-0.016220320674184597,0.12832111030217397,1,0.5022294062358554,Medium
0.005965850956724697,-0.021246869964564943,0.012722776159721555,0.0024562583638229898,0.00012125225074251927,0.0071593889113903235,-0.04271642319479523,0.0009781945390180346,-0.0075614148510261365,-0.004869335983044055,0,0.11596854295884483,Medium
0.003798433842934483,0.0284898595699184,-0.019495167196912785,-0.007421851758524207,-0.0029597267443203508,0.02758082858723263,-0.03752350749244858,-0.018571672814582017,-0.004542390363810692,-0.016594734597207467,0,0.11571893680313448,Medium
0.00949735823822288,-0.05284092054558198,0.056806234928351795,0.017782448917412295,0.0020974008922208798,-0.0059915651672071074,-0.06976076503136408,0.39044293049030626,0.03130546843338939,0.16200511867431394,0,0.7043025756009192,High
-0.0002555566303689208,0.023073195417079556,-0.0199285527173638,0.004661395030508925,0.003275037947565571,-0.006244924527552331,-0.03189406014149231,-0.030695481430851348,-0.003907144044754046,0.015135488946167433,0,0.11617826361979382,Medium
-0.0005361899117392867,0.02297795924638485,-0.016463217374211924,-0.00018589562858819297,-0.005797278484830744,0.0011098620644498516,-0.03143300131119737,-0.019323373774073418,0.0025657640136525816,-0.00020484590298148336,0,0.11566864870771995,Medium
-0.004860346233519402,-0.00517173692789492,0.014001440417160341,0.004123375169901227,-0.0010810867478912231,-0.0013057075618217381,-0.03386962851540564,-0.02782576009188877,-0.015899483787988285,0.025600185000144243,0,0.1166701164916509,Medium
0.00761430896526094,-0.037411683420814,0.027100744859174485,0.02389407404152841,-0.03677437622020298,0.028647831343196022,-0.0926705181860221,0.5295463425295333,0.04589737348559056,-0.007295303773775963,0,0.6515076593943238,Medium
0.0018846241977631005,0.019687766292761835,-0.02319384699831388,0.0035640012593620325,0.005771137040632337,0.05920861895217276,-0.042959078558079206,-0.024589839863332543,0.0014971097068411654,-0.048154554736743155,0,0.11567480306391953,Medium
0.0005775060141494787,-0.07804179898589679,0.06793524489783387,-0.013723970636923507,0.0068664404695124815,-0.07540423507990646,0.015338455834439355,0.10229404335928644,-0.00657022317646904,0.08310082176370179,0,0.2653311502305826,Medium
0.0016598539622385451,0.016112353564442333,-0.011582706493594316,-0.001494451052273948,-0.00016118312717876282,0.008571903463320435,-0.0320636966320769,-0.021922256858516273,-0.005418581392750464,-0.0008644281780172494,0,0.1157956730264485,Medium
0.0020361436254766607,-0.006916440082449378,0.014823010263917668,-0.005485712234811191,0.005568731677181528,0.02521245429200739,-0.03427050728174406,-0.02627118417436406,-0.004632282719981234,-0.017353085293231638,0,0.11566999384285677,Medium
0.01074806037635618,0.05298305410143685,-0.06663519566587818,0.00291514785515215,0.002078646293205165,-0.057984945257113306,0.020271326460124712,-0.046744913109285545,-0.007138811014404327,0.07634943883140068,0,0.14980067464184949,Medium
0.007262733745870818,-0.01415687045183667,0.01042958331521181,0.013540078565360632,-0.004146177053350693,-0.06970507833850996,-0.040004853319309946,-0.027048299418785605,0.07689888736799701,0.010839071009313245,0,0.12686794119281572,Medium
0.0015878217587827481,-0.012697549099343118,0.012061619663485441,-0.004529260846635479,0.008623122545163267,0.023645937310938232,-0.048104368856952254,-0.015675542829015867,-0.0010128017158991735,-0.01099743580164616,0,0.11586040789973272,Medium
0.00479050907279018,-0.009970121450154103,0.007196219532334642,0.003953452305333817,0.0043862044583655,0.015223173994391447,-0.03676171416304774,-0.024662508132620567,-0.003091642392491406,-0.008205383557555242,0,0.11581705543820162,Medium
0.00011613195728098514,-0.007258910184784751,0.011759112810100105,-0.00013901266931286294,0.0015200039411197872,-0.0051507438252709325,-0.024361600108154146,-0.01916916624550561,0.00044382230934268365,0.007841965361495885,0,0.12856046911716623,Medium
0.0071365835562500245,0.031663992033292135,-0.04972751044696507,0.01466064450661477,0.018463709455842532,0.0912341653314025,-0.06486290172503258,0.0008470711029523736,-0.012970936413368111,-0.08278070162495767,0,0.11662298154688598,Medium
0.004227814410619429,0.021168580851369134,-0.016694504794186625,0.0032515009861499504,-0.000987893730129398,0.008438279713041409,-0.028356536910270583,-0.02129623621035378,0.001820342815162169,-0.018706428401850456,0,0.11582378450040634,Medium
0.001102425445249053,-0.005287002097902797,0.010579883741605196,-0.001202349636905057,-0.00039292335797541655,0.008752593202437563,-0.03498042460336127,-0.022048461070847066,-0.0015567170611829667,-0.002242363722616155,0,0.11568352660935617,Medium
-0.013039440796782622,0.044009430543482934,-0.014660501692811951,0.02481381494056434,-0.005918362176217315,-0.061657792665537364,-0.02000524789817826,-0.009158244212680227,0.07092750202168101,-0.05977287703014838,0,0.11849714680422724,Medium
-0.05507298095745023,0.035828413034164716,0.01891296611890425,-0.0067373971796402116,-0.0032909671466744214,0.011678481263412756,-0.04390394298627837,0.027362989012894343,-0.004901682226229702,-0.020660945751781304,0,0.1221737989521769,Medium
0.001339374007179086,-0.008165204101838285,0.012715924483761465,0.001076249031930305,-0.0021072503735166605,0.025899139592716128,-0.034693409272262485,-0.025223386274138625,0.00010323508836029838,-0.018088521978928854,0,0.11581501597411746,Medium
-0.023510425270278728,-0.016538730212801014,0.02940010002920939,-0.00048080148434634373,-0.020450292153064268,0.0030570946783091447,-0.07288776726337257,-0.06097249972571444,-0.006629131225977209,0.20829438778602152,0,0.20224080092884053,Medium
0.00499003563884514,-0.08013714710690759,0.041971840217477074,0.004520126044993274,-0.0005998150713358019,-0.0070125633053393435,-0.05115543848994227,0.02856018902232774,-0.016015381899249396,0.03317459314643907,0,0.12125530396816298,Medium
-0.039250157254317956,0.02233576486632891,0.022209055757081975,-0.004350206172388382,0.001029107172202906,0.01329438623542185,-0.02358260933685339,-0.01880771737067931,0.006907797047424786,-0.02669996021823945,0,0.11604432649683702,Medium
0.0007633744499138359,-0.010933067619565567,0.021509718945147163,-0.0032613760506355776,0.00015763555642086396,-0.026413574304294564,-0.0025361235570044187,-0.0393156292167343,-0.018724609686495728,0.03345778526826343,0,0.11766299955587022,Medium
-0.02004429318467046,0.025378182650403005,0.008106911946936862,-0.0036065574792578645,-0.001782741090085728,0.03984410513966903,-0.019551403511088826,-0.03859668420752236,0.010952841493389195,-0.03522566163304142,0,0.12843356589558652,Medium
0.0003228034032022271,-0.015092799919946389,0.01618141527106635,6.265176436524161e-05,0.0026278375264754406,0.01689248894785324,-0.03989696989161927,-0.0177777292815672,-0.001016454224155997,-0.009398888696260215,0,0.11586322067026851,Medium
0.023302019912530142,-0.009474372887045812,0.049311907528549956,0.017792345669054188,0.0011524425320247333,-0.013703490074391705,0.1840922831925137,0.43868561764257263,-0.01582260965845704,0.16146509524763286,1,0.9997601048758387,High
2.5740226415313372e-05,-0.023380203278746823,0.01531906704656033,0.00394772299394958,0.006837683182685928,0.023231393519809237,-0.0448095688158767,-0.0024273857187298094,-0.007145458394731178,-0.018471342905964534,0,0.11608651362622642,Medium
0.005683244342463814,-0.005126277793346375,0.012536634006127438,-0.0009557065778893006,0.0011056444577035654,0.01058732685872754,-0.032684911995314814,-0.01505007743049185,-0.008502602779696725,-0.014873896373442214,0,0.11567824248569616,Medium
0.006175088481530211,0.02426545532491363,-0.012179587508472024,-0.0032884778946056237,-0.015719755330961076,0.10786467823754775,0.48938686595601105,0.01141901514119684,0.16174309121241384,0.06737283404343919,1,0.9999980734338689,High
0.0009215729431501207,-0.004807182334719323,0.008192914384368795,-3.880356161783949e-05,0.005281171560599254,0.01032152827877405,-0.03489735488502106,-0.030722504182474585,-0.0005871632298175163,-0.0009505403496461244,0,0.11567250439445086,Medium
-0.02950889800937504,0.027081708754677757,0.008019881773987539,-0.009463271269823246,0.0025036824211895833,-0.05799209544900569,-0.025439690861685647,-0.01619020206583285,0.07859975003840224,-0.022064326725491634,0,0.1185054043778981,Medium
0.0028389991340027065,-0.02468230380217889,0.01602111833984062,0.01399448231052077,0.005948339975369299,-0.06215099518479089,-0.04267523066462935,-0.027730877803076835,0.05875809945329253,0.013156153106006815,0,0.11643665063521184,Medium
-0.006577742148464433,-0.026246721304849056,0.027686897805401282,-0.009206494865393525,0.011596105221582012,-0.06109238127389258,0.0249349917907779,-0.04046952640087463,-0.02163347434470894,0.05614094015838766,0,0.11809146040882079,Medium
-0.001340583863542704,-0.014883458266063751,0.018142988025344343,0.0031597101559094143,-0.00028302893817521574,-0.0733650636023673,0.0243508286527834,-0.054032100287386385,0.00823121924876945,0.04336721645555759,0,0.11630659335168392,Medium
0.00318616603192332,0.02987489396309003,-0.02890006882353051,0.011751452522071383,-0.0025753833947193897,0.05302550089060414,-0.022009388735343326,-0.022812922796720876,0.004977672956464729,-0.07339552774180574,0,0.11608126064288884,Medium
0.005226848505688249,-0.008943213126898098,0.011760284071009751,-0.002443732639081572,0.0025212061351553294,-0.004681121301381119,-0.0316401395101368,-0.01937746436524664,-0.0030082325515094505,0.003589994131321771,0,0.1159632951197765,Medium
0.001368554384091957,0.02312909556674199,-0.017000111449764,-0.012931366922137904,0.0009588860856848125,-0.0010857238435032057,-0.012769530249274361,-0.02770107411699375,-0.028394174694051224,0.0289688402309997,0,0.1175022607626491,Medium
-0.0022551267972147557,-0.01690031736892251,0.016454529253732603,-0.00930249654625203,0.007052552911563617,0.025052623788982254,-0.0245885476300545,-0.008134129054022462,-0.013494810111022578,-0.02036589392065724,0,0.11647725029698748,Medium
0.004761973063146207,-0.007816865414045323,0.01037943464726035,-0.0010823159755756484,-0.002905939539294722,-0.00015498700434455476,-0.016797462379349246,-0.03317859929289158,-0.023658581804042712,0.027216662282468062,0,0.11972218435418591,Medium
0.00420951616545551,-0.012721144815920805,0.01115635569996452,-0.002212047750830781,0.0028284728569892867,0.010088701924731545,-0.03722455304995817,-0.021440564628839344,-0.0074385984067751815,0.005593736522231138,0,0.11579874028790281,Medium
0.0008658401963812443,-0.009509930036294077,0.014454624190798755,-0.0016608057511376389,0.005877580854157349,0.025520140304010147,-0.04111972677375104,-0.0237409962416205,-0.004815145321935434,-0.012988630975811518,0,0.11584181621565236,Medium
0.004634081918277605,-0.012942775655208629,0.013373384585068714,-0.0055537324076238665,0.009761675942616307,0.06274873724723153,-0.059384489457757185,-0.021372991152127187,0.0033576345787702105,-0.04176521122644929,0,0.11581518014365329,Medium
0.007824851349521413,-0.09020961034976556,0.029607368345602167,-0.0054560140189356485,0.008950987188089309,0.020788797304033883,-0.061841916064988595,0.07196141922774979,0.001038654728924636,-0.023717908911293606,0,0.12190549456979287,Medium
0.004053208692974915,0.023823795729389974,-0.02026676678813651,-0.002838972974121027,0.0034307675584153846,0.019391274881802027,-0.04243686493050104,-0.028940241221375458,-0.0004673573287659466,-0.002883363542799256,0,0.11582434584773814,Medium
0.002763009084641506,-0.006927378615403305,0.010200867605522213,-0.002484437035493283,0.002860905916129884,0.028453821558284343,-0.0416264833605167,-0.022669610932458967,-0.0032970406721035436,-0.01455786253696281,0,0.11567465678249442,Medium
0.005035755494581205,-0.009031956543900259,0.011924847044372456,0.0026413380447476735,0.00019663900358477676,-0.016484636673421232,-0.030265546020547603,-0.04216986423068069,0.0018972112872754823,0.041578498746761935,0,0.12828115192362882,Medium
-0.011189403774826601,-0.0975018254841974,0.06912075205583183,-0.017783496011205515,0.000721796349007629,0.013748392464832851,-0.09562467773742976,0.20008025285688374,-0.0012692857121454197,-0.05864634930927193,0,0.16461502146833454,Medium
0.0161221647912019,-0.031863435268167505,0.028706204065414246,-0.008400862130815317,-0.01067540083791622,-0.06116473762915126,0.010826064531802133,-0.016072246629503944,-0.03316029254030649,0.0606779056528672,0,0.11795422977627984,Medium
-0.04784844352423153,0.05219230779300085,0.03835389273030087,-0.006149349735483746,-0.006306827860872411,0.04295065786547499,0.0014748707696009555,0.6922170958236896,0.012727843543919069,0.05682476897657976,1,0.9993956821528335,High
-0.0013704407454354813,-0.008329292392290672,0.010638798314135505,-0.0019249666522192846,-0.00021752324664928055,0.019887721993064704,-0.035139331842537785,-0.02227795652148096,-0.0001235966458931967,-0.008431846043642116,0,0.11567043198790651,Medium
0.007688778706010695,0.027349350303402433,-0.022152433343379355,-0.0040266254465947116,0.010416196572238322,0.007544870700620703,0.7882286817536353,-0.02328702700253202,-0.019691272223973218,0.06494165540218767,1,0.9999710411924708,High
-0.002275555385110526,-0.009872616536836193,0.013814616010380304,0.0062143268520131936,0.004156356540105849,-0.06796584326733378,-0.032024012031359184,-0.01647970467284698,0.07833706052966254,-0.018417149069788592,0,0.11844634473974171,Medium
0.017291584860945907,-0.035188120835424164,0.054518733306066866,-0.005834389316071534,0.01138273325614161,-0.0023831534637424046,-0.029688688891499896,0.3825073737753547,-0.017739590769129437,0.1369258752085811,0,0.6747512229020778,Medium
-0.001499466991380478,-0.010087814251271875,0.010238460766337438,6.968626962893659e-05,0.0035849426932844783,0.0024539462868995426,-0.03435924964826413,-0.024935583334682297,0.003745859296117801,0.00363774078658912,0,0.11580738764411362,Medium
0.001905746470096746,-0.005462337890907132,0.008110992644517968,0.004231429841912415,0.004686917486208196,0.013412354166915993,-0.030740815521366392,-0.026025498051429372,0.0016416878449471524,-0.018894287582830155,0,0.1158250551789205,Medium
0.0035302038754760354,0.04182713766271311,-0.05114295940859619,-0.012146372922587793,-0.0003587024803225966,0.009137176838537727,-0.023243249176742226,-0.022865840384586552,-0.020220262338893805,0.030199828164098403,0,0.11767582559995117,Medium
0.007144524680026874,0.04113999657277363,-0.0570563224311716,0.01949430641146213,-0.009222439395351476,-0.002339583834265517,-0.04361459807202736,0.007879184231563738,0.007909171764005105,-0.017583704359331476,0,0.11670940133853915,Medium
0.0016472230074088942,0.018513311409550096,-0.016904561258020815,-0.001722690447170816,0.005188164099690778,0.014918070414431295,-0.041159003561859975,-0.021984227160239934,0.0005965723166550113,-0.006215490641145676,0,0.11583623395015395,Medium
0.003558113461318465,0.019295309593750205,-0.01810796942938851,0.0015198529949915773,0.0056046362128475405,0.025416827681352602,-0.03878792019496743,-0.024626349995642834,-0.0016153528253768936,-0.01953585792366359,0,0.11568015534607622,Medium
0.013331578549163683,0.026782496998395074,-0.036313218717963086,0.023098275543974207,-0.022705445452682493,0.043734319001464496,0.3270092229582142,-0.04369282819682206,0.43672428527889623,0.06905584533773483,1,0.9999833970712301,High
0.002579697267307958,-0.010363926001316482,0.011229252999527862,0.0019634398565390072,0.0029665340238297774,0.006870656360679526,-0.037085339234160505,-0.021004064640701807,-0.0012366227911128208,-0.0030443961467280897,0,0.11583409746471951,Medium
-0.0028393826273407294,0.03229675535343623,-0.02625023128512097,0.016403878158983396,0.00715338611507996,-0.0174422716569884,-0.023466684070055078,-0.025483942528471314,0.01729711674637604,-0.024757721504199328,0,0.11586976847255487,Medium
-0.024782574122227542,0.022682871234099393,0.0021341516974010435,-0.005060235934168329,0.0011889704128629983,0.04971337748019609,-0.03756646706938896,-0.015289338597891718,-0.004453509123605515,-0.03573569075034597,0,0.11579042099778657,Medium
-0.03053450620631578,0.02490568981153428,0.019710651306739144,-0.008434193743481071,-0.00023963935818374638,-0.0038426010314018292,-0.029334529651671132,-0.02834820475036438,-0.010031627603834876,0.01909722020381047,0,0.11590712474768616,Medium
0.0034953716362512294,-0.0010583079032734442,0.007800229004780479,-0.0023978027462148903,-0.006195639171664121,0.06248372510537294,-0.04033549346668362,-0.01925473971710822,0.0006306223363134883,-0.05230245715302107,0,0.11582437369560784,Medium
-0.008609769665181859,-0.05450890392901446,0.027904113091023648,0.011655019916334303,-0.0159882680081342,0.1702999574999245,-0.08646462298916967,0.36215420792311376,-0.004985506835334552,-0.13918286244772926,0,0.42523223032668744,Medium
0.008643332801951967,-0.026158936163968787,0.019652961939399367,0.0027047710942313423,0.0017099775496155281,0.006830927543433904,-0.04900550045320197,0.004141326074427912,-0.008367823974079622,-0.006981223743938337,0,0.11612867843872637,Medium
0.007457623568567481,-0.007501351227912065,0.015812580947020597,-0.007031373580346462,0.0064058388621871425,0.031758610752759556,-0.032267243072810814,-0.031799623440457135,0.004554824081588627,-0.03465459088152775,0,0.11569416177992425,Medium
0.004081935670890809,-0.0064965072033219455,0.010933900038820906,0.009766360156117329,-0.003779528980729533,0.006764035479903374,-0.042326574490937616,-0.022502604190507394,0.0012189393939868037,-0.0046441479893860405,0,0.11597467365569178,Medium
0.011014491174613197,0.04230392803179596,-0.07151389055359392,0.003964992619416512,0.013244496137599574,0.06605662150051496,-0.058413097916086176,0.011823533991377717,-0.007722068097728372,-0.05151788421354342,0,0.1221999884452211,Medium
-0.01458595781887389,0.0186585565542119,-0.027857826990808247,0.008533258934061152,0.013421225062652267,0.1349785131544098,-0.04089651549212786,-0.02434263119662921,-0.012351947488399925,-0.1026886198150477,0,0.11582692067430338,Medium
0.0060635562468898405,0.04390932301170352,-0.055099410070850625,0.01935339212003401,-0.0007751186228163176,0.2487096404801417,-0.019824521673570565,0.23456376324596823,0.2521945409881808,0.10764595279414,1,0.9996999842906756,High
0.011781171218557198,-0.039636294777202444,0.01987865249801609,-0.00624277349351615,-0.005718460364940758,0.00852350330629573,-0.056265046013074166,0.007748932137215482,0.00499271139308665,0.008420251814493806,0,0.1164415134897865,Medium
0.004165019950428741,-0.0057239787236303226,0.009587000719355776,-0.00032611516972923943,0.0030022256951090097,0.03442843754674329,-0.045024434675759416,-0.022047855208660223,-0.0025930552951816863,-0.02275226740235387,0,0.11567384320717713,Medium
-0.03238614373270565,0.026883904188339282,0.010396544384285236,-0.008316297998794438,-0.0002432614524798607,0.021651539158004003,-0.01970210419048834,-0.031143557216533915,-0.033558686327039046,0.020463734933920185,0,0.11700453751736253,Medium
-1.697217482709429e-05,-0.020332806774310312,0.02067689759517403,-0.0009323832618637563,0.003243480866228149,0.01477508049267104,-0.04478875774772126,-0.005522506947199001,-0.0041814654423909265,-0.00944188431368547,0,0.11643754806293048,Medium
0.0035978312409223685,-0.01646871215490206,0.011086097669881898,0.000627546555967938,0.0019026100663976796,0.007635626344602634,-0.039882965324886575,-0.01314641412791406,0.00924314013821094,-0.011770855208921734,0,0.11578277097021411,Medium
-0.006409804789824379,0.02018938569390551,-0.019010928605848354,0.0029708214273341934,-0.004214258933998249,0.06751341381778724,-0.03515381754459797,-0.027864223455299247,-0.0002017947128366282,-0.045104576778736916,0,0.11567308188874027,Medium
0.026441638406165154,-0.06490521050244706,0.0346151397197405,-0.01700446534830211,-0.018690444778982657,-0.16587595526794965,0.4574612688464875,-0.05300632321473651,-0.009041742525818464,0.06553170394478253,0,0.4184844750497944,Medium
0.0018428252593232566,0.01834429991335961,-0.012426712658098717,-0.0019304009935497512,0.002897115355004935,0.009302142546908193,-0.035361278437509476,-0.02092950670578755,-0.0037289197829289333,-0.0031457726646054126,0,0.11782265760297124,Medium
0.0072566149847795814,-0.03946374675079487,0.022669211302986526,-0.0014920156767513557,-0.009307162169216841,-0.005774262218034041,-0.044193146626215804,-0.005169267475626232,-0.0028875556541856293,0.03209951867966814,0,0.11669705416746455,Medium
-0.05194948941594152,0.04104168733423125,0.017567833032465632,0.01869298702578708,-0.012110200167973123,-0.03436856549870984,0.024208970335066266,-0.07216175255365939,-0.03932011795380131,0.06435965661413195,0,0.11891987452245208,Medium
0.005038506072328475,0.04159889201716792,-0.1237484499707433,-0.011856038679871226,0.006036326858953518,-0.010727764620887939,-0.020458522996874978,0.4678478913927736,-0.025711271460041464,0.13064201250693463,1,0.6216204468905943,Medium
0.031918011983872285,0.07797441317531296,-0.15141647950250342,0.008599108895152235,-0.006870885718003498,-0.01106894032265679,-0.03788643228451898,0.031423010502892396,0.0252619040352147,-0.010342062979492226,0,0.12055051355612476,Medium
-0.004360871127344207,0.060494638462123405,-0.1461339432680971,0.007515874090627842,0.02628223795257333,0.029514884973559335,-0.03909465408056861,0.2090384882914117,-0.012702853693823936,-0.03245029521106899,0,0.26106237216024786,Medium
0.0012856013206754488,-0.012488136113987356,0.013807753664421019,-0.0025551395269466917,0.005563097616524352,0.006798701574929221,-0.042796902169418574,-0.007248646573784171,-0.005329933944044288,-0.004134107975298123,0,0.11586115364392592,Medium
0.0008498350758438241,-0.0048715661041658295,0.012522582376409613,-0.002653285503962697,-0.003114508864571102,0.006671773250954264,-0.034332180559073125,-0.022478386690228502,0.0001181646904780953,0.0,0,0.11567129344253962,Medium
0.022094652054423077,0.09921389206897123,-0.18409237601093187,-0.0013768375352861055,0.0004322721385464842,-0.012731360507613245,-0.008487627012868877,0.04889238985656375,-0.002386187100071716,0.009776713436453257,0,0.13429439715904107,Medium
0.007357860340683787,0.04621673088319335,-0.037256266085860315,-0.0004893687447911146,0.01303059833849006,0.036381882754009116,-0.045691671497576344,0.0009302615858317179,0.001457148213112916,-0.0581914068963657,0,0.12670463466158255,Medium
0.015617616439931986,-0.06741287992459298,0.03642416731785651,-0.0039395025628226055,0.010483578809881178,-0.018538684295500475,-0.03975563539577655,0.028348042112251844,-0.03285847734083919,0.04318973240125364,0,0.13451682333249845,Medium
0.014635501624674656,0.06301149230263083,-0.1125295219158867,0.003101147445370476,0.006976335618139649,-0.0037370567195986453,-0.050106121807756115,0.04170295752416953,-0.01078404630393171,0.001368312696432547,0,0.1165978662350996,Medium
0.013607347927151129,-0.06281009633948696,0.03570565689884645,-0.003099526293622342,0.004474193611041556,0.014058756443354923,-0.054467438369835655,0.03750954010049625,-0.0011665707432751762,-0.02875567783708026,0,0.11801505116844499,Medium
-0.0036253748043890547,0.0591844511097778,-0.15809481803519881,0.015739860035248413,-0.005343018378208578,0.013159597845100207,-0.06752596291494149,0.1777346387346658,0.004992893418584714,-0.032660950664219174,0,0.1665201821172749,Medium
0.011120855270155466,-0.010776813852590437,0.020458291555985046,-0.004574679499605758,0.009740730501540467,0.19418753687686785,-0.11244332802939881,-0.02601619426811133,0.014028480147038001,-0.1404239273262359,0,0.11825981714649966,Medium
-0.00012651398673124437,-0.005871964497078835,0.013228885945316663,-0.00012972710757928885,0.003865757776123745,-0.0035626838835519374,-0.03308242857471472,-0.027248712117869292,-0.0018166167543872075,0.007578759513907264,0,0.11579362208429023,Medium
-0.0020531874975527986,-0.009177906293417398,0.012373011703344275,0.0021651794435942526,0.0012220778163096122,0.0076225009653600375,-0.02926412974402514,-0.026633831484045793,0.0015399408907380027,-0.004952472617582141,0,0.115800048953578,Medium
0.006406399494864492,0.07739568499207947,-0.12242391993582365,0.002950471531195653,0.02859098388321113,0.01978261651357975,0.01662949884805913,0.3978185415202222,-0.012903397866058364,-0.09212607167817842,0,0.48507967307400646,Medium
0.00014382358672474643,-0.013354337510131225,0.03139061809267599,-0.023479511887960623,0.016341532203125477,0.11411363988896689,-0.0480810787515462,-0.0312648137785673,-0.004518401503593167,-0.08846909354710002,0,0.11578124256344965,Medium
0.0032453313247899586,0.023077105194829698,-0.010664016413867439,0.002930498310415058,-0.0026875415605190564,-0.07175366249721148,-0.0354793007311896,-0.014902381909440349,0.07765360482564103,-0.01154948207857106,0,0.12282902023573185,Medium
0.004584967409492929,-0.009449851633826245,0.008011711901766064,0.0016499682507065635,0.00100935508631729,0.03627903836029942,-0.044990406863256005,-0.025060083441989865,-0.001436717610719665,-0.017885151479138606,0,0.11567169575050695,Medium
-0.0003568273015753867,-0.017769092499523083,0.022177935725771945,-0.019033204047512662,0.012453328984612268,-0.010521977432323781,-0.009859002940513808,-0.04132240878681277,-0.036821103879061255,0.05604500675332367,0,0.11795152034724023,Medium
0.008554137277861985,-0.05694720526986665,0.04411474938612065,-0.002807775920621536,0.12350959625407748,0.016997369217061954,-0.015071201052446043,0.340935377332886,0.031401142534779956,-0.03769972942458868,0,0.6159453261061205,Medium
0.0002823709710077296,0.01734757590609154,-0.01011946601627269,0.0005888299949705919,0.0038108747353378723,0.020392620972005275,-0.025614239995870324,-0.02804160733304042,-0.028952041957985876,0.008269424464613746,0,0.12092320751171252,Medium
0.006859336921825309,-0.010018411744367824,0.010972991627273764,-0.0011843852565122867,-0.0062002584296450974,0.033283445957176604,-0.04247751700883834,-0.021211167801855054,0.004352982695683493,-0.02166113870988512,0,0.11567474402171053,Medium
0.0062548634988811545,-0.015555663975973561,0.015205953453137105,-0.0006543239188307737,0.003361086826346753,-0.01824961224396855,-0.03101175355641495,-0.01762914419778301,0.0027623909367147236,0.008328796778719429,0,0.1157714593716834,Medium
0.007336770997173377,0.034195871195800844,-0.026584445956513346,-0.002988684236164426,0.0024939713677929326,0.02219326659479454,-0.04953397741448406,-0.01976672452295454,0.0012857840049387411,-0.01572631304458181,0,0.11586438475665733,Medium
0.004410424277542853,-0.014350892944495043,0.009682077757341338,-0.0010649037705591502,0.013982717136547933,0.005906170789092304,-0.04230864964073573,-0.036830721826733186,-0.004387224952609301,0.03161431141037675,0,0.12961217400662386,Medium
0.001020372549479731,0.04120234514462762,-0.047691817510025915,0.018436219548990208,-0.019830376901104105,0.018459806742812793,0.636759786445526,0.037405843313231886,0.0225103314586083,0.12875797582897178,1,0.9999893523919733,High
